{"includedArchiveIdentifiers":["io.wedobooks.WeDoBooksSDK"],"interfaceLanguages":{"occ":[{"children":[{"title":"Variables","type":"groupMarker"},{"path":"\/documentation\/wedobookssdk\/wedobookssdkversionnumber","title":"WeDoBooksSDKVersionNumber","type":"var"},{"path":"\/documentation\/wedobookssdk\/wedobookssdkversionstring","title":"WeDoBooksSDKVersionString","type":"var"}],"path":"\/documentation\/wedobookssdk","title":"WeDoBooksSDK","type":"module"}],"swift":[{"children":[{"title":"Classes","type":"groupMarker"},{"children":[{"title":"Instance Methods","type":"groupMarker"},{"path":"\/documentation\/wedobookssdk\/iconconfig\/get(_:)","title":"func get(IconKey) -> String?","type":"method"},{"path":"\/documentation\/wedobookssdk\/iconconfig\/set(_:to:)","title":"func set(IconKey, to: String?)","type":"method"}],"path":"\/documentation\/wedobookssdk\/iconconfig","title":"IconConfig","type":"class"},{"children":[{"title":"Classes","type":"groupMarker"},{"children":[{"title":"Instance Methods","type":"groupMarker"},{"path":"\/documentation\/wedobookssdk\/wedobooksfacade\/bookoperations-swift.class\/checkoutbook(with:)","title":"func checkoutBook(with: String) async -> Result<Checkout, CheckoutError>","type":"method"},{"path":"\/documentation\/wedobookssdk\/wedobooksfacade\/bookoperations-swift.class\/observecheckouts()","title":"func observeCheckouts() throws -> AnyPublisher<[Checkout], CheckoutError>","type":"method"},{"path":"\/documentation\/wedobookssdk\/wedobooksfacade\/bookoperations-swift.class\/opencheckout(_:presentedby:customcoverimage:)","title":"func openCheckout(Checkout, presentedBy: UIViewController, customCoverImage: UIImage?) throws","type":"method"},{"path":"\/documentation\/wedobookssdk\/wedobooksfacade\/bookoperations-swift.class\/stopaudioplayer()","title":"func stopAudioPlayer()","type":"method"}],"path":"\/documentation\/wedobookssdk\/wedobooksfacade\/bookoperations-swift.class","title":"WeDoBooksFacade.BookOperations","type":"class"},{"children":[{"title":"Instance Properties","type":"groupMarker"},{"path":"\/documentation\/wedobookssdk\/wedobooksfacade\/carplay\/isplayeractive","title":"var isPlayerActive: Bool","type":"property"},{"path":"\/documentation\/wedobookssdk\/wedobooksfacade\/carplay\/isplayerplaying","title":"var isPlayerPlaying: Bool","type":"property"},{"path":"\/documentation\/wedobookssdk\/wedobooksfacade\/carplay\/nowplayinginfo","title":"var nowPlayingInfo: AnyPublisher<[String : Any]?, Never>","type":"property"},{"path":"\/documentation\/wedobookssdk\/wedobooksfacade\/carplay\/skipintervalseconds","title":"var skipIntervalSeconds: Int","type":"property"},{"title":"Instance Methods","type":"groupMarker"},{"path":"\/documentation\/wedobookssdk\/wedobooksfacade\/carplay\/pause()","title":"func pause()","type":"method"},{"path":"\/documentation\/wedobookssdk\/wedobooksfacade\/carplay\/play()","title":"func play()","type":"method"},{"path":"\/documentation\/wedobookssdk\/wedobooksfacade\/carplay\/seek(to:)","title":"func seek(to: Double)","type":"method"},{"path":"\/documentation\/wedobookssdk\/wedobooksfacade\/carplay\/skipbackward()","title":"func skipBackward()","type":"method"},{"path":"\/documentation\/wedobookssdk\/wedobooksfacade\/carplay\/skipforward()","title":"func skipForward()","type":"method"},{"path":"\/documentation\/wedobookssdk\/wedobooksfacade\/carplay\/toggleplay()","title":"func togglePlay()","type":"method"}],"path":"\/documentation\/wedobookssdk\/wedobooksfacade\/carplay","title":"WeDoBooksFacade.CarPlay","type":"class"},{"children":[{"title":"Instance Properties","type":"groupMarker"},{"path":"\/documentation\/wedobookssdk\/wedobooksfacade\/configuration-swift.class\/allowebookdownloadusingmobiledata","title":"var allowEbookDownloadUsingMobileData: Bool","type":"property"},{"path":"\/documentation\/wedobookssdk\/wedobooksfacade\/configuration-swift.class\/showaboutaudiobookbutton","title":"var showAboutAudioBookButton: Bool","type":"property"},{"path":"\/documentation\/wedobookssdk\/wedobooksfacade\/configuration-swift.class\/showfinishaudiobookbutton","title":"var showFinishAudiobookButton: Bool","type":"property"},{"path":"\/documentation\/wedobookssdk\/wedobooksfacade\/configuration-swift.class\/showfinishebookbutton","title":"var showFinishEbookButton: Bool","type":"property"}],"path":"\/documentation\/wedobookssdk\/wedobooksfacade\/configuration-swift.class","title":"WeDoBooksFacade.Configuration","type":"class"},{"children":[{"title":"Instance Methods","type":"groupMarker"},{"path":"\/documentation\/wedobookssdk\/wedobooksfacade\/easyaccess-swift.class\/lastopenedbook()","title":"func lastOpenedBook() throws -> AnyPublisher<EasyAccessData?, Never>","type":"method"},{"path":"\/documentation\/wedobookssdk\/wedobooksfacade\/easyaccess-swift.class\/removeeasyaccess()","title":"func removeEasyAccess() throws","type":"method"}],"path":"\/documentation\/wedobookssdk\/wedobooksfacade\/easyaccess-swift.class","title":"WeDoBooksFacade.EasyAccess","type":"class"},{"children":[{"title":"Instance Properties","type":"groupMarker"},{"path":"\/documentation\/wedobookssdk\/wedobooksfacade\/events-swift.class\/bookinfotapped","title":"var bookInfoTapped: AnyPublisher<String, Never>","type":"property"},{"path":"\/documentation\/wedobookssdk\/wedobooksfacade\/events-swift.class\/bookwillclose","title":"var bookWillClose: AnyPublisher<Void, Never>","type":"property"},{"path":"\/documentation\/wedobookssdk\/wedobooksfacade\/events-swift.class\/finishbooktapped","title":"var finishBookTapped: AnyPublisher<String, Never>","type":"property"}],"path":"\/documentation\/wedobookssdk\/wedobooksfacade\/events-swift.class","title":"WeDoBooksFacade.Events","type":"class"},{"children":[{"title":"Instance Properties","type":"groupMarker"},{"path":"\/documentation\/wedobookssdk\/wedobooksfacade\/images-swift.class\/icons","title":"let icons: IconConfig","type":"property"},{"path":"\/documentation\/wedobookssdk\/wedobooksfacade\/images-swift.class\/missingcoverimagename","title":"var missingCoverImageName: String?","type":"property"},{"path":"\/documentation\/wedobookssdk\/wedobooksfacade\/images-swift.class\/nochaptersinbookimagename","title":"var noChaptersInBookImageName: String?","type":"property"},{"path":"\/documentation\/wedobookssdk\/wedobooksfacade\/images-swift.class\/readerloadinglogohtml","title":"var readerLoadingLogoHTML: String?","type":"property"},{"path":"\/documentation\/wedobookssdk\/wedobooksfacade\/images-swift.class\/readerloadinglogoimagename","title":"var readerLoadingLogoImageName: String?","type":"property"}],"path":"\/documentation\/wedobookssdk\/wedobooksfacade\/images-swift.class","title":"WeDoBooksFacade.Images","type":"class"},{"children":[{"title":"Instance Methods","type":"groupMarker"},{"path":"\/documentation\/wedobookssdk\/wedobooksfacade\/localization-swift.class\/setcustomlocalizations(_:)","title":"func setCustomLocalizations([LocalizationKeys : [Language : String]])","type":"method"},{"path":"\/documentation\/wedobookssdk\/wedobooksfacade\/localization-swift.class\/setlanguage(_:)","title":"func setLanguage(Language)","type":"method"},{"title":"Enumerations","type":"groupMarker"},{"children":[{"title":"Enumeration Cases","type":"groupMarker"},{"path":"\/documentation\/wedobookssdk\/wedobooksfacade\/localization-swift.class\/language\/danish","title":"case danish","type":"case"},{"path":"\/documentation\/wedobookssdk\/wedobooksfacade\/localization-swift.class\/language\/english","title":"case english","type":"case"},{"path":"\/documentation\/wedobookssdk\/wedobooksfacade\/localization-swift.class\/language\/finnish","title":"case finnish","type":"case"},{"path":"\/documentation\/wedobookssdk\/wedobooksfacade\/localization-swift.class\/language\/german","title":"case german","type":"case"},{"path":"\/documentation\/wedobookssdk\/wedobooksfacade\/localization-swift.class\/language\/northernsami","title":"case northernSami","type":"case"},{"path":"\/documentation\/wedobookssdk\/wedobooksfacade\/localization-swift.class\/language\/norwegianbokm_l","title":"case norwegianBokmål","type":"case"},{"path":"\/documentation\/wedobookssdk\/wedobooksfacade\/localization-swift.class\/language\/norwegiannynorsk","title":"case norwegianNynorsk","type":"case"},{"path":"\/documentation\/wedobookssdk\/wedobooksfacade\/localization-swift.class\/language\/southernsami","title":"case southernSami","type":"case"},{"path":"\/documentation\/wedobookssdk\/wedobooksfacade\/localization-swift.class\/language\/swedish","title":"case swedish","type":"case"},{"title":"Initializers","type":"groupMarker"},{"path":"\/documentation\/wedobookssdk\/wedobooksfacade\/localization-swift.class\/language\/init(rawvalue:)","title":"init?(rawValue: String)","type":"init"},{"title":"Default Implementations","type":"groupMarker"},{"children":[{"title":"Operators","type":"groupMarker"},{"path":"\/documentation\/wedobookssdk\/wedobooksfacade\/localization-swift.class\/language\/!=(_:_:)","title":"static func != (Self, Self) -> Bool","type":"op"}],"path":"\/documentation\/wedobookssdk\/wedobooksfacade\/localization-swift.class\/language\/equatable-implementations","title":"Equatable Implementations","type":"symbol"},{"children":[{"title":"Instance Properties","type":"groupMarker"},{"path":"\/documentation\/wedobookssdk\/wedobooksfacade\/localization-swift.class\/language\/hashvalue","title":"var hashValue: Int","type":"property"},{"title":"Instance Methods","type":"groupMarker"},{"path":"\/documentation\/wedobookssdk\/wedobooksfacade\/localization-swift.class\/language\/hash(into:)","title":"func hash(into: inout Hasher)","type":"method"}],"path":"\/documentation\/wedobookssdk\/wedobooksfacade\/localization-swift.class\/language\/rawrepresentable-implementations","title":"RawRepresentable Implementations","type":"symbol"}],"path":"\/documentation\/wedobookssdk\/wedobooksfacade\/localization-swift.class\/language","title":"WeDoBooksFacade.Localization.Language","type":"enum"},{"children":[{"title":"Enumeration Cases","type":"groupMarker"},{"path":"\/documentation\/wedobookssdk\/wedobooksfacade\/localization-swift.class\/localizationkeys\/buttondelete","title":"case buttonDelete","type":"case"},{"path":"\/documentation\/wedobookssdk\/wedobooksfacade\/localization-swift.class\/localizationkeys\/buttondisable","title":"case buttonDisable","type":"case"},{"path":"\/documentation\/wedobookssdk\/wedobooksfacade\/localization-swift.class\/localizationkeys\/buttonfinishbook","title":"case buttonFinishBook","type":"case"},{"path":"\/documentation\/wedobookssdk\/wedobooksfacade\/localization-swift.class\/localizationkeys\/buttonno","title":"case buttonNo","type":"case"},{"path":"\/documentation\/wedobookssdk\/wedobooksfacade\/localization-swift.class\/localizationkeys\/buttonok","title":"case buttonOk","type":"case"},{"path":"\/documentation\/wedobookssdk\/wedobooksfacade\/localization-swift.class\/localizationkeys\/buttonsave","title":"case buttonSave","type":"case"},{"path":"\/documentation\/wedobookssdk\/wedobooksfacade\/localization-swift.class\/localizationkeys\/buttonyes","title":"case buttonYes","type":"case"},{"path":"\/documentation\/wedobookssdk\/wedobooksfacade\/localization-swift.class\/localizationkeys\/confirmalertdeletebookmarkmessage","title":"case confirmAlertDeleteBookmarkMessage","type":"case"},{"path":"\/documentation\/wedobookssdk\/wedobooksfacade\/localization-swift.class\/localizationkeys\/confirmalerttitle","title":"case confirmAlertTitle","type":"case"},{"path":"\/documentation\/wedobookssdk\/wedobooksfacade\/localization-swift.class\/localizationkeys\/erroralerttitle","title":"case errorAlertTitle","type":"case"},{"path":"\/documentation\/wedobookssdk\/wedobooksfacade\/localization-swift.class\/localizationkeys\/errortoastofflinedownloadmessage","title":"case errorToastOfflineDownloadMessage","type":"case"},{"path":"\/documentation\/wedobookssdk\/wedobooksfacade\/localization-swift.class\/localizationkeys\/errortoastofflinestreammessage","title":"case errorToastOfflineStreamMessage","type":"case"},{"path":"\/documentation\/wedobookssdk\/wedobooksfacade\/localization-swift.class\/localizationkeys\/errortoastofflinetitle","title":"case errorToastOfflineTitle","type":"case"},{"path":"\/documentation\/wedobookssdk\/wedobooksfacade\/localization-swift.class\/localizationkeys\/labeldownload","title":"case labelDownload","type":"case"},{"path":"\/documentation\/wedobookssdk\/wedobooksfacade\/localization-swift.class\/localizationkeys\/labeldownloadstarted","title":"case labelDownloadStarted","type":"case"},{"path":"\/documentation\/wedobookssdk\/wedobooksfacade\/localization-swift.class\/localizationkeys\/labeldownloading","title":"case labelDownloading","type":"case"},{"path":"\/documentation\/wedobookssdk\/wedobooksfacade\/localization-swift.class\/localizationkeys\/playerchooseaudiooutputbutton","title":"case playerChooseAudioOutputButton","type":"case"},{"path":"\/documentation\/wedobookssdk\/wedobooksfacade\/localization-swift.class\/localizationkeys\/playermoremenuaboutbooklabel","title":"case playerMoreMenuAboutBookLabel","type":"case"},{"path":"\/documentation\/wedobookssdk\/wedobooksfacade\/localization-swift.class\/localizationkeys\/playermoremenuclosebutton","title":"case playerMoreMenuCloseButton","type":"case"},{"path":"\/documentation\/wedobookssdk\/wedobooksfacade\/localization-swift.class\/localizationkeys\/playermoremenuinfoanddownload","title":"case playerMoreMenuInfoAndDownload","type":"case"},{"path":"\/documentation\/wedobookssdk\/wedobooksfacade\/localization-swift.class\/localizationkeys\/playermoremenunotavailableoffline","title":"case playerMoreMenuNotAvailableOffline","type":"case"},{"path":"\/documentation\/wedobookssdk\/wedobooksfacade\/localization-swift.class\/localizationkeys\/playerplaybackratereset","title":"case playerPlaybackRateReset","type":"case"},{"path":"\/documentation\/wedobookssdk\/wedobooksfacade\/localization-swift.class\/localizationkeys\/playerplaybackratespeed","title":"case playerPlaybackRateSpeed","type":"case"},{"path":"\/documentation\/wedobookssdk\/wedobooksfacade\/localization-swift.class\/localizationkeys\/playersleeptimerturnoffin","title":"case playerSleepTimerTurnOffIn","type":"case"},{"path":"\/documentation\/wedobookssdk\/wedobooksfacade\/localization-swift.class\/localizationkeys\/playersleeptimerunitminute","title":"case playerSleepTimerUnitMinute","type":"case"},{"path":"\/documentation\/wedobookssdk\/wedobooksfacade\/localization-swift.class\/localizationkeys\/playersleeptimerunitminutes","title":"case playerSleepTimerUnitMinutes","type":"case"},{"path":"\/documentation\/wedobookssdk\/wedobooksfacade\/localization-swift.class\/localizationkeys\/readerbookmarkeditorcharactersleft","title":"case readerBookmarkEditorCharactersLeft","type":"case"},{"path":"\/documentation\/wedobookssdk\/wedobooksfacade\/localization-swift.class\/localizationkeys\/readerbookmarkeditorchoosecolor","title":"case readerBookmarkEditorChooseColor","type":"case"},{"path":"\/documentation\/wedobookssdk\/wedobooksfacade\/localization-swift.class\/localizationkeys\/readerbookmarkeditorwriteanotelabel","title":"case readerBookmarkEditorWriteANoteLabel","type":"case"},{"path":"\/documentation\/wedobookssdk\/wedobooksfacade\/localization-swift.class\/localizationkeys\/readerbookmarksnobookmarkssubtitle","title":"case readerBookmarksNoBookmarksSubtitle","type":"case"},{"path":"\/documentation\/wedobookssdk\/wedobooksfacade\/localization-swift.class\/localizationkeys\/readerbookmarksnobookmarkstitle","title":"case readerBookmarksNoBookmarksTitle","type":"case"},{"path":"\/documentation\/wedobookssdk\/wedobooksfacade\/localization-swift.class\/localizationkeys\/readerchaptersnochapterssubtitle","title":"case readerChaptersNoChaptersSubtitle","type":"case"},{"path":"\/documentation\/wedobookssdk\/wedobooksfacade\/localization-swift.class\/localizationkeys\/readerchaptersnochapterstitle","title":"case readerChaptersNoChaptersTitle","type":"case"},{"path":"\/documentation\/wedobookssdk\/wedobooksfacade\/localization-swift.class\/localizationkeys\/readercontextmenubookmark","title":"case readerContextMenuBookmark","type":"case"},{"path":"\/documentation\/wedobookssdk\/wedobooksfacade\/localization-swift.class\/localizationkeys\/readercontextmenulookup","title":"case readerContextMenuLookup","type":"case"},{"path":"\/documentation\/wedobookssdk\/wedobooksfacade\/localization-swift.class\/localizationkeys\/readercontextmenuread","title":"case readerContextMenuRead","type":"case"},{"path":"\/documentation\/wedobookssdk\/wedobooksfacade\/localization-swift.class\/localizationkeys\/readerheadernextchapterminuteabbreviation","title":"case readerHeaderNextChapterMinuteAbbreviation","type":"case"},{"path":"\/documentation\/wedobookssdk\/wedobooksfacade\/localization-swift.class\/localizationkeys\/readerheadernextchapternamefallback","title":"case readerHeaderNextChapterNameFallback","type":"case"},{"path":"\/documentation\/wedobookssdk\/wedobooksfacade\/localization-swift.class\/localizationkeys\/readerheaderreadminutestodayplus","title":"case readerHeaderReadMinutesTodayPlus","type":"case"},{"path":"\/documentation\/wedobookssdk\/wedobooksfacade\/localization-swift.class\/localizationkeys\/readersearchbookmarksbutton","title":"case readerSearchBookmarksButton","type":"case"},{"path":"\/documentation\/wedobookssdk\/wedobooksfacade\/localization-swift.class\/localizationkeys\/readersearchfixedlayoutsubtitle","title":"case readerSearchFixedLayoutSubtitle","type":"case"},{"path":"\/documentation\/wedobookssdk\/wedobooksfacade\/localization-swift.class\/localizationkeys\/readersearchguidesubtitle","title":"case readerSearchGuideSubtitle","type":"case"},{"path":"\/documentation\/wedobookssdk\/wedobooksfacade\/localization-swift.class\/localizationkeys\/readersearchguidetitle","title":"case readerSearchGuideTitle","type":"case"},{"path":"\/documentation\/wedobookssdk\/wedobooksfacade\/localization-swift.class\/localizationkeys\/readersearchinthebookbutton","title":"case readerSearchInTheBookButton","type":"case"},{"path":"\/documentation\/wedobookssdk\/wedobooksfacade\/localization-swift.class\/localizationkeys\/readersearchnoresultsmessage","title":"case readerSearchNoResultsMessage","type":"case"},{"path":"\/documentation\/wedobookssdk\/wedobooksfacade\/localization-swift.class\/localizationkeys\/readersearchresult","title":"case readerSearchResult","type":"case"},{"path":"\/documentation\/wedobookssdk\/wedobooksfacade\/localization-swift.class\/localizationkeys\/readersearchresults","title":"case readerSearchResults","type":"case"},{"path":"\/documentation\/wedobookssdk\/wedobooksfacade\/localization-swift.class\/localizationkeys\/readersearchsearchlabel","title":"case readerSearchSearchLabel","type":"case"},{"path":"\/documentation\/wedobookssdk\/wedobooksfacade\/localization-swift.class\/localizationkeys\/readersettingdisplaymulticolumn","title":"case readerSettingDisplayMultiColumn","type":"case"},{"path":"\/documentation\/wedobookssdk\/wedobooksfacade\/localization-swift.class\/localizationkeys\/readersettingenablereadingaid","title":"case readerSettingEnableReadingAid","type":"case"},{"path":"\/documentation\/wedobookssdk\/wedobooksfacade\/localization-swift.class\/localizationkeys\/readersettingfixedlayoutsubtitle","title":"case readerSettingFixedLayoutSubtitle","type":"case"},{"path":"\/documentation\/wedobookssdk\/wedobooksfacade\/localization-swift.class\/localizationkeys\/readersettingfixedlayouttitle","title":"case readerSettingFixedLayoutTitle","type":"case"},{"path":"\/documentation\/wedobookssdk\/wedobooksfacade\/localization-swift.class\/localizationkeys\/readersettingfontsdefaultfont","title":"case readerSettingFontsDefaultFont","type":"case"},{"path":"\/documentation\/wedobookssdk\/wedobooksfacade\/localization-swift.class\/localizationkeys\/readersettingreadingaidbigfield","title":"case readerSettingReadingAidBigField","type":"case"},{"path":"\/documentation\/wedobookssdk\/wedobooksfacade\/localization-swift.class\/localizationkeys\/readersettingswipetoscroll","title":"case readerSettingSwipeToScroll","type":"case"},{"path":"\/documentation\/wedobookssdk\/wedobooksfacade\/localization-swift.class\/localizationkeys\/readersettingttsspeed","title":"case readerSettingTTSSpeed","type":"case"},{"path":"\/documentation\/wedobookssdk\/wedobooksfacade\/localization-swift.class\/localizationkeys\/readersettingttsvoice","title":"case readerSettingTTSVoice","type":"case"},{"path":"\/documentation\/wedobookssdk\/wedobooksfacade\/localization-swift.class\/localizationkeys\/readersettingtrainreadingspeedtitle","title":"case readerSettingTrainReadingSpeedTitle","type":"case"},{"path":"\/documentation\/wedobookssdk\/wedobooksfacade\/localization-swift.class\/localizationkeys\/readersettingtrainreadingspeedwordsperminute","title":"case readerSettingTrainReadingSpeedWordsPerMinute","type":"case"},{"path":"\/documentation\/wedobookssdk\/wedobooksfacade\/localization-swift.class\/localizationkeys\/readertocchaptersbutton","title":"case readerToCChaptersButton","type":"case"},{"path":"\/documentation\/wedobookssdk\/wedobooksfacade\/localization-swift.class\/localizationkeys\/readertocoverview","title":"case readerToCOverview","type":"case"},{"title":"Default Implementations","type":"groupMarker"},{"children":[{"title":"Operators","type":"groupMarker"},{"path":"\/documentation\/wedobookssdk\/wedobooksfacade\/localization-swift.class\/localizationkeys\/!=(_:_:)","title":"static func != (Self, Self) -> Bool","type":"op"}],"path":"\/documentation\/wedobookssdk\/wedobooksfacade\/localization-swift.class\/localizationkeys\/equatable-implementations","title":"Equatable Implementations","type":"symbol"}],"path":"\/documentation\/wedobookssdk\/wedobooksfacade\/localization-swift.class\/localizationkeys","title":"WeDoBooksFacade.Localization.LocalizationKeys","type":"enum"}],"path":"\/documentation\/wedobookssdk\/wedobooksfacade\/localization-swift.class","title":"WeDoBooksFacade.Localization","type":"class"},{"children":[{"title":"Instance Methods","type":"groupMarker"},{"path":"\/documentation\/wedobookssdk\/wedobooksfacade\/storageoperations-swift.class\/getalldownloadedbooks()","title":"func getAllDownloadedBooks() throws -> [String]","type":"method"},{"path":"\/documentation\/wedobookssdk\/wedobooksfacade\/storageoperations-swift.class\/isebookdownloaded(isbn:)","title":"func isEBookDownloaded(isbn: String) throws -> Bool","type":"method"},{"path":"\/documentation\/wedobookssdk\/wedobooksfacade\/storageoperations-swift.class\/removeall()","title":"func removeAll()","type":"method"},{"path":"\/documentation\/wedobookssdk\/wedobooksfacade\/storageoperations-swift.class\/removebook(isbn:)","title":"func removeBook(isbn: String) throws","type":"method"}],"path":"\/documentation\/wedobookssdk\/wedobooksfacade\/storageoperations-swift.class","title":"WeDoBooksFacade.StorageOperations","type":"class"},{"children":[{"title":"Instance Properties","type":"groupMarker"},{"path":"\/documentation\/wedobookssdk\/wedobooksfacade\/styling-swift.class\/darktheme","title":"var darkTheme: Theme?","type":"property"},{"path":"\/documentation\/wedobookssdk\/wedobooksfacade\/styling-swift.class\/lighttheme","title":"var lightTheme: Theme?","type":"property"}],"path":"\/documentation\/wedobookssdk\/wedobooksfacade\/styling-swift.class","title":"WeDoBooksFacade.Styling","type":"class"},{"children":[{"title":"Instance Properties","type":"groupMarker"},{"path":"\/documentation\/wedobookssdk\/wedobooksfacade\/useroperations-swift.class\/currentuserid","title":"var currentUserId: String?","type":"property"},{"title":"Instance Methods","type":"groupMarker"},{"path":"\/documentation\/wedobookssdk\/wedobooksfacade\/useroperations-swift.class\/signin(with:)","title":"func signIn(with: String) async -> Result<Void, SignInError>","type":"method"},{"path":"\/documentation\/wedobookssdk\/wedobooksfacade\/useroperations-swift.class\/signout()","title":"func signOut()","type":"method"},{"path":"\/documentation\/wedobookssdk\/wedobooksfacade\/useroperations-swift.class\/totalstats(checkoutid:)","title":"func totalStats(checkoutId: String) -> AnyPublisher<[String : StatEntry], Never>","type":"method"},{"path":"\/documentation\/wedobookssdk\/wedobooksfacade\/useroperations-swift.class\/totalstats(year:)","title":"func totalStats(year: String) -> AnyPublisher<[String : StatEntry], Never>","type":"method"}],"path":"\/documentation\/wedobookssdk\/wedobooksfacade\/useroperations-swift.class","title":"WeDoBooksFacade.UserOperations","type":"class"},{"title":"Instance Properties","type":"groupMarker"},{"path":"\/documentation\/wedobookssdk\/wedobooksfacade\/bookoperations-swift.property","title":"let bookOperations: BookOperations","type":"property"},{"path":"\/documentation\/wedobookssdk\/wedobooksfacade\/configuration-swift.property","title":"let configuration: WeDoBooksFacade.Configuration","type":"property"},{"path":"\/documentation\/wedobookssdk\/wedobooksfacade\/easyaccess-swift.property","title":"let easyAccess: WeDoBooksFacade.EasyAccess","type":"property"},{"path":"\/documentation\/wedobookssdk\/wedobooksfacade\/events-swift.property","title":"let events: Events","type":"property"},{"path":"\/documentation\/wedobookssdk\/wedobooksfacade\/images-swift.property","title":"let images: WeDoBooksFacade.Images","type":"property"},{"path":"\/documentation\/wedobookssdk\/wedobooksfacade\/localization-swift.property","title":"let localization: WeDoBooksFacade.Localization","type":"property"},{"path":"\/documentation\/wedobookssdk\/wedobooksfacade\/storageoperations-swift.property","title":"let storageOperations: WeDoBooksFacade.StorageOperations","type":"property"},{"path":"\/documentation\/wedobookssdk\/wedobooksfacade\/styling-swift.property","title":"let styling: WeDoBooksFacade.Styling","type":"property"},{"path":"\/documentation\/wedobookssdk\/wedobooksfacade\/useroperations-swift.property","title":"let userOperations: WeDoBooksFacade.UserOperations","type":"property"},{"title":"Instance Methods","type":"groupMarker"},{"path":"\/documentation\/wedobookssdk\/wedobooksfacade\/setup(readerkey:readersecret:firebaseconfigfilepath:)","title":"func setup(readerKey: String, readerSecret: String, firebaseConfigFilePath: String?) throws","type":"method"},{"title":"Type Properties","type":"groupMarker"},{"path":"\/documentation\/wedobookssdk\/wedobooksfacade\/shared","title":"static let shared: WeDoBooksFacade","type":"property"}],"path":"\/documentation\/wedobookssdk\/wedobooksfacade","title":"WeDoBooksFacade","type":"class"},{"title":"Structures","type":"groupMarker"},{"children":[{"title":"Instance Properties","type":"groupMarker"},{"path":"\/documentation\/wedobookssdk\/checkout\/author","title":"var author: [String]","type":"property"},{"path":"\/documentation\/wedobookssdk\/checkout\/booktype","title":"var bookType: BookKind","type":"property"},{"path":"\/documentation\/wedobookssdk\/checkout\/end","title":"var end: Date","type":"property"},{"path":"\/documentation\/wedobookssdk\/checkout\/fixedauthor","title":"var fixedAuthor: String","type":"property"},{"path":"\/documentation\/wedobookssdk\/checkout\/fixedauthors","title":"var fixedAuthors: [String]","type":"property"},{"path":"\/documentation\/wedobookssdk\/checkout\/id","title":"var id: String","type":"property"},{"path":"\/documentation\/wedobookssdk\/checkout\/isbn","title":"var isbn: String","type":"property"},{"path":"\/documentation\/wedobookssdk\/checkout\/publishername","title":"var publisherName: String","type":"property"},{"path":"\/documentation\/wedobookssdk\/checkout\/start","title":"var start: Date","type":"property"},{"path":"\/documentation\/wedobookssdk\/checkout\/title","title":"var title: String","type":"property"},{"path":"\/documentation\/wedobookssdk\/checkout\/userid","title":"var userId: String","type":"property"}],"path":"\/documentation\/wedobookssdk\/checkout","title":"Checkout","type":"struct"},{"children":[{"title":"Instance Properties","type":"groupMarker"},{"path":"\/documentation\/wedobookssdk\/easyaccessdata\/checkout","title":"let checkout: Checkout","type":"property"},{"path":"\/documentation\/wedobookssdk\/easyaccessdata\/progress","title":"let progress: Float","type":"property"}],"path":"\/documentation\/wedobookssdk\/easyaccessdata","title":"EasyAccessData","type":"struct"},{"children":[{"title":"Initializers","type":"groupMarker"},{"path":"\/documentation\/wedobookssdk\/statentry\/init(audiominutes:ebookminutes:minutesread:audioseconds:ebookseconds:secondsread:wordsread:)","title":"init(audioMinutes: Int, ebookMinutes: Int, minutesRead: Int, audioSeconds: Int, ebookSeconds: Int, secondsRead: Int, wordsRead: Int)","type":"init"},{"title":"Instance Properties","type":"groupMarker"},{"path":"\/documentation\/wedobookssdk\/statentry\/audiominutes","title":"let audioMinutes: Int","type":"property"},{"path":"\/documentation\/wedobookssdk\/statentry\/audioseconds","title":"let audioSeconds: Int","type":"property"},{"path":"\/documentation\/wedobookssdk\/statentry\/ebookminutes","title":"let ebookMinutes: Int","type":"property"},{"path":"\/documentation\/wedobookssdk\/statentry\/ebookseconds","title":"let ebookSeconds: Int","type":"property"},{"path":"\/documentation\/wedobookssdk\/statentry\/minutesread","title":"let minutesRead: Int","type":"property"},{"path":"\/documentation\/wedobookssdk\/statentry\/secondsread","title":"let secondsRead: Int","type":"property"},{"path":"\/documentation\/wedobookssdk\/statentry\/wordsread","title":"let wordsRead: Int","type":"property"},{"title":"Type Properties","type":"groupMarker"},{"path":"\/documentation\/wedobookssdk\/statentry\/empty","title":"static let empty: StatEntry","type":"property"}],"path":"\/documentation\/wedobookssdk\/statentry","title":"StatEntry","type":"struct"},{"children":[{"title":"Initializers","type":"groupMarker"},{"path":"\/documentation\/wedobookssdk\/theme\/init(primarycolor:onprimarycolor:secondarycolor:onsecondarycolor:backgroundcolor:backgroundbrightcolor:outlinecolor:textcolor:textvarcolor:cornersizeregular:cornersizelarge:appearancetitlelarge:appearancetitlemedium:appearancetitlesmall:app-4sxst","title":"init(primaryColor: UIColor, onPrimaryColor: UIColor, secondaryColor: UIColor, onSecondaryColor: UIColor, backgroundColor: UIColor, backgroundBrightColor: UIColor, outlineColor: UIColor, textColor: UIColor, textVarColor: UIColor, cornerSizeRegular: CGFloat, cornerSizeLarge: CGFloat, appearanceTitleLarge: Int, appearanceTitleMedium: Int, appearanceTitleSmall: Int, appearanceLabelLarge: Int, appearanceLabelMedium: Int, appearanceLabelSmall: Int, appearanceBodyLarge: Int, appearanceBodyMedium: Int, appearanceBodySmall: Int, fontFamilyRegular: String?, fontFamilyBold: String?)","type":"init"},{"title":"Instance Properties","type":"groupMarker"},{"path":"\/documentation\/wedobookssdk\/theme\/appearancebodylarge","title":"let appearanceBodyLarge: Int","type":"property"},{"path":"\/documentation\/wedobookssdk\/theme\/appearancebodymedium","title":"let appearanceBodyMedium: Int","type":"property"},{"path":"\/documentation\/wedobookssdk\/theme\/appearancebodysmall","title":"let appearanceBodySmall: Int","type":"property"},{"path":"\/documentation\/wedobookssdk\/theme\/appearancelabellarge","title":"let appearanceLabelLarge: Int","type":"property"},{"path":"\/documentation\/wedobookssdk\/theme\/appearancelabelmedium","title":"let appearanceLabelMedium: Int","type":"property"},{"path":"\/documentation\/wedobookssdk\/theme\/appearancelabelsmall","title":"let appearanceLabelSmall: Int","type":"property"},{"path":"\/documentation\/wedobookssdk\/theme\/appearancetitlelarge","title":"let appearanceTitleLarge: Int","type":"property"},{"path":"\/documentation\/wedobookssdk\/theme\/appearancetitlemedium","title":"let appearanceTitleMedium: Int","type":"property"},{"path":"\/documentation\/wedobookssdk\/theme\/appearancetitlesmall","title":"let appearanceTitleSmall: Int","type":"property"},{"path":"\/documentation\/wedobookssdk\/theme\/backgroundbrightcolor","title":"let backgroundBrightColor: UIColor","type":"property"},{"path":"\/documentation\/wedobookssdk\/theme\/backgroundcolor","title":"let backgroundColor: UIColor","type":"property"},{"path":"\/documentation\/wedobookssdk\/theme\/cornersizelarge","title":"let cornerSizeLarge: CGFloat","type":"property"},{"path":"\/documentation\/wedobookssdk\/theme\/cornersizeregular","title":"let cornerSizeRegular: CGFloat","type":"property"},{"path":"\/documentation\/wedobookssdk\/theme\/fontfamilybold","title":"let fontFamilyBold: String?","type":"property"},{"path":"\/documentation\/wedobookssdk\/theme\/fontfamilyregular","title":"let fontFamilyRegular: String?","type":"property"},{"path":"\/documentation\/wedobookssdk\/theme\/onprimarycolor","title":"let onPrimaryColor: UIColor","type":"property"},{"path":"\/documentation\/wedobookssdk\/theme\/onsecondarycolor","title":"let onSecondaryColor: UIColor","type":"property"},{"path":"\/documentation\/wedobookssdk\/theme\/outlinecolor","title":"let outlineColor: UIColor","type":"property"},{"path":"\/documentation\/wedobookssdk\/theme\/primarycolor","title":"let primaryColor: UIColor","type":"property"},{"path":"\/documentation\/wedobookssdk\/theme\/secondarycolor","title":"let secondaryColor: UIColor","type":"property"},{"path":"\/documentation\/wedobookssdk\/theme\/textcolor","title":"let textColor: UIColor","type":"property"},{"path":"\/documentation\/wedobookssdk\/theme\/textvarcolor","title":"let textVarColor: UIColor","type":"property"},{"title":"Default Implementations","type":"groupMarker"},{"children":[{"title":"Operators","type":"groupMarker"},{"path":"\/documentation\/wedobookssdk\/theme\/!=(_:_:)","title":"static func != (Self, Self) -> Bool","type":"op"}],"path":"\/documentation\/wedobookssdk\/theme\/equatable-implementations","title":"Equatable Implementations","type":"symbol"}],"path":"\/documentation\/wedobookssdk\/theme","title":"Theme","type":"struct"},{"title":"Enumerations","type":"groupMarker"},{"children":[{"title":"Enumeration Cases","type":"groupMarker"},{"path":"\/documentation\/wedobookssdk\/bookkind\/audiobook","title":"case audiobook","type":"case"},{"path":"\/documentation\/wedobookssdk\/bookkind\/ebook","title":"case ebook","type":"case"},{"title":"Default Implementations","type":"groupMarker"},{"children":[{"title":"Operators","type":"groupMarker"},{"path":"\/documentation\/wedobookssdk\/bookkind\/!=(_:_:)","title":"static func != (Self, Self) -> Bool","type":"op"}],"path":"\/documentation\/wedobookssdk\/bookkind\/equatable-implementations","title":"Equatable Implementations","type":"symbol"}],"path":"\/documentation\/wedobookssdk\/bookkind","title":"BookKind","type":"enum"},{"children":[{"title":"Enumeration Cases","type":"groupMarker"},{"path":"\/documentation\/wedobookssdk\/checkouterror\/nousersignedin","title":"case noUserSignedIn","type":"case"},{"path":"\/documentation\/wedobookssdk\/checkouterror\/rejected(quota:reason:)","title":"case rejected(quota: Int, reason: String)","type":"case"},{"path":"\/documentation\/wedobookssdk\/checkouterror\/underlyingerror(_:)","title":"case underlyingError(Error)","type":"case"},{"path":"\/documentation\/wedobookssdk\/checkouterror\/unknown","title":"case unknown","type":"case"},{"title":"Default Implementations","type":"groupMarker"},{"children":[{"title":"Instance Properties","type":"groupMarker"},{"path":"\/documentation\/wedobookssdk\/checkouterror\/localizeddescription","title":"var localizedDescription: String","type":"property"}],"path":"\/documentation\/wedobookssdk\/checkouterror\/error-implementations","title":"Error Implementations","type":"symbol"}],"path":"\/documentation\/wedobookssdk\/checkouterror","title":"CheckoutError","type":"enum"},{"children":[{"title":"Enumeration Cases","type":"groupMarker"},{"path":"\/documentation\/wedobookssdk\/easyaccesserror\/cannotretrievecheckouts","title":"case cannotRetrieveCheckouts","type":"case"},{"path":"\/documentation\/wedobookssdk\/easyaccesserror\/nousersignedin","title":"case noUserSignedIn","type":"case"},{"title":"Default Implementations","type":"groupMarker"},{"children":[{"title":"Operators","type":"groupMarker"},{"path":"\/documentation\/wedobookssdk\/easyaccesserror\/!=(_:_:)","title":"static func != (Self, Self) -> Bool","type":"op"}],"path":"\/documentation\/wedobookssdk\/easyaccesserror\/equatable-implementations","title":"Equatable Implementations","type":"symbol"},{"children":[{"title":"Instance Properties","type":"groupMarker"},{"path":"\/documentation\/wedobookssdk\/easyaccesserror\/localizeddescription","title":"var localizedDescription: String","type":"property"}],"path":"\/documentation\/wedobookssdk\/easyaccesserror\/error-implementations","title":"Error Implementations","type":"symbol"}],"path":"\/documentation\/wedobookssdk\/easyaccesserror","title":"EasyAccessError","type":"enum"},{"children":[{"title":"Enumeration Cases","type":"groupMarker"},{"path":"\/documentation\/wedobookssdk\/iconkey\/arrowright","title":"case arrowRight","type":"case"},{"path":"\/documentation\/wedobookssdk\/iconkey\/bookmark1","title":"case bookmark1","type":"case"},{"path":"\/documentation\/wedobookssdk\/iconkey\/bookmark2","title":"case bookmark2","type":"case"},{"path":"\/documentation\/wedobookssdk\/iconkey\/bookmark3","title":"case bookmark3","type":"case"},{"path":"\/documentation\/wedobookssdk\/iconkey\/bookmarkselected1","title":"case bookmarkSelected1","type":"case"},{"path":"\/documentation\/wedobookssdk\/iconkey\/bookmarkselected2","title":"case bookmarkSelected2","type":"case"},{"path":"\/documentation\/wedobookssdk\/iconkey\/bookmarkselected3","title":"case bookmarkSelected3","type":"case"},{"path":"\/documentation\/wedobookssdk\/iconkey\/checkmark","title":"case checkmark","type":"case"},{"path":"\/documentation\/wedobookssdk\/iconkey\/close","title":"case close","type":"case"},{"path":"\/documentation\/wedobookssdk\/iconkey\/down","title":"case down","type":"case"},{"path":"\/documentation\/wedobookssdk\/iconkey\/download","title":"case download","type":"case"},{"path":"\/documentation\/wedobookssdk\/iconkey\/hamburgermenu","title":"case hamburgerMenu","type":"case"},{"path":"\/documentation\/wedobookssdk\/iconkey\/info","title":"case info","type":"case"},{"path":"\/documentation\/wedobookssdk\/iconkey\/moredots","title":"case moreDots","type":"case"},{"path":"\/documentation\/wedobookssdk\/iconkey\/offline","title":"case offline","type":"case"},{"path":"\/documentation\/wedobookssdk\/iconkey\/pagebackward","title":"case pageBackward","type":"case"},{"path":"\/documentation\/wedobookssdk\/iconkey\/pageforward","title":"case pageForward","type":"case"},{"path":"\/documentation\/wedobookssdk\/iconkey\/pause","title":"case pause","type":"case"},{"path":"\/documentation\/wedobookssdk\/iconkey\/play","title":"case play","type":"case"},{"path":"\/documentation\/wedobookssdk\/iconkey\/playerspeed","title":"case playerSpeed","type":"case"},{"path":"\/documentation\/wedobookssdk\/iconkey\/readercontentmenulookup","title":"case readerContentMenuLookup","type":"case"},{"path":"\/documentation\/wedobookssdk\/iconkey\/readercontextmenubookmark","title":"case readerContextMenuBookmark","type":"case"},{"path":"\/documentation\/wedobookssdk\/iconkey\/readercontextmenuspeaker","title":"case readerContextMenuSpeaker","type":"case"},{"path":"\/documentation\/wedobookssdk\/iconkey\/readingaid","title":"case readingAid","type":"case"},{"path":"\/documentation\/wedobookssdk\/iconkey\/repeat","title":"case `repeat`","type":"case"},{"path":"\/documentation\/wedobookssdk\/iconkey\/search","title":"case search","type":"case"},{"path":"\/documentation\/wedobookssdk\/iconkey\/settings","title":"case settings","type":"case"},{"path":"\/documentation\/wedobookssdk\/iconkey\/settingsbrightnessdecrease","title":"case settingsBrightnessDecrease","type":"case"},{"path":"\/documentation\/wedobookssdk\/iconkey\/settingsbrightnessincrease","title":"case settingsBrightnessIncrease","type":"case"},{"path":"\/documentation\/wedobookssdk\/iconkey\/settingscolumns","title":"case settingsColumns","type":"case"},{"path":"\/documentation\/wedobookssdk\/iconkey\/settingsfontsizedecrease","title":"case settingsFontsizeDecrease","type":"case"},{"path":"\/documentation\/wedobookssdk\/iconkey\/settingsfontsizeincrease","title":"case settingsFontsizeIncrease","type":"case"},{"path":"\/documentation\/wedobookssdk\/iconkey\/settingsleftarrow","title":"case settingsLeftArrow","type":"case"},{"path":"\/documentation\/wedobookssdk\/iconkey\/settingslinespacelarge","title":"case settingsLineSpaceLarge","type":"case"},{"path":"\/documentation\/wedobookssdk\/iconkey\/settingslinespacenormal","title":"case settingsLineSpaceNormal","type":"case"},{"path":"\/documentation\/wedobookssdk\/iconkey\/settingslinespacesmall","title":"case settingsLineSpaceSmall","type":"case"},{"path":"\/documentation\/wedobookssdk\/iconkey\/settingsreadingspeeddecrease","title":"case settingsReadingSpeedDecrease","type":"case"},{"path":"\/documentation\/wedobookssdk\/iconkey\/settingsreadingspeedincrease","title":"case settingsReadingSpeedIncrease","type":"case"},{"path":"\/documentation\/wedobookssdk\/iconkey\/settingsrightarrow","title":"case settingsRightArrow","type":"case"},{"path":"\/documentation\/wedobookssdk\/iconkey\/settingsspeaker","title":"case settingsSpeaker","type":"case"},{"path":"\/documentation\/wedobookssdk\/iconkey\/settingsswipegesture","title":"case settingsSwipeGesture","type":"case"},{"path":"\/documentation\/wedobookssdk\/iconkey\/skipback","title":"case skipBack","type":"case"},{"path":"\/documentation\/wedobookssdk\/iconkey\/skipforward","title":"case skipForward","type":"case"},{"path":"\/documentation\/wedobookssdk\/iconkey\/sleeptimer","title":"case sleeptimer","type":"case"},{"path":"\/documentation\/wedobookssdk\/iconkey\/sleeptimeron","title":"case sleeptimerOn","type":"case"},{"path":"\/documentation\/wedobookssdk\/iconkey\/trashcan","title":"case trashCan","type":"case"},{"path":"\/documentation\/wedobookssdk\/iconkey\/tts","title":"case tts","type":"case"},{"path":"\/documentation\/wedobookssdk\/iconkey\/undomove","title":"case undoMove","type":"case"},{"title":"Initializers","type":"groupMarker"},{"path":"\/documentation\/wedobookssdk\/iconkey\/init(rawvalue:)","title":"init?(rawValue: String)","type":"init"},{"title":"Default Implementations","type":"groupMarker"},{"children":[{"title":"Operators","type":"groupMarker"},{"path":"\/documentation\/wedobookssdk\/iconkey\/!=(_:_:)","title":"static func != (Self, Self) -> Bool","type":"op"}],"path":"\/documentation\/wedobookssdk\/iconkey\/equatable-implementations","title":"Equatable Implementations","type":"symbol"},{"children":[{"title":"Instance Properties","type":"groupMarker"},{"path":"\/documentation\/wedobookssdk\/iconkey\/hashvalue","title":"var hashValue: Int","type":"property"},{"title":"Instance Methods","type":"groupMarker"},{"path":"\/documentation\/wedobookssdk\/iconkey\/hash(into:)","title":"func hash(into: inout Hasher)","type":"method"}],"path":"\/documentation\/wedobookssdk\/iconkey\/rawrepresentable-implementations","title":"RawRepresentable Implementations","type":"symbol"}],"path":"\/documentation\/wedobookssdk\/iconkey","title":"IconKey","type":"enum"},{"children":[{"title":"Enumeration Cases","type":"groupMarker"},{"path":"\/documentation\/wedobookssdk\/opencheckouterror\/abookisalreadyopen","title":"case aBookIsAlreadyOpen","type":"case"},{"path":"\/documentation\/wedobookssdk\/opencheckouterror\/decryptioninformationinvalidormissing","title":"case decryptionInformationInvalidOrMissing","type":"case"},{"path":"\/documentation\/wedobookssdk\/opencheckouterror\/nousersignedin","title":"case noUserSignedIn","type":"case"},{"title":"Default Implementations","type":"groupMarker"},{"children":[{"title":"Operators","type":"groupMarker"},{"path":"\/documentation\/wedobookssdk\/opencheckouterror\/!=(_:_:)","title":"static func != (Self, Self) -> Bool","type":"op"}],"path":"\/documentation\/wedobookssdk\/opencheckouterror\/equatable-implementations","title":"Equatable Implementations","type":"symbol"},{"children":[{"title":"Instance Properties","type":"groupMarker"},{"path":"\/documentation\/wedobookssdk\/opencheckouterror\/localizeddescription","title":"var localizedDescription: String","type":"property"}],"path":"\/documentation\/wedobookssdk\/opencheckouterror\/error-implementations","title":"Error Implementations","type":"symbol"}],"path":"\/documentation\/wedobookssdk\/opencheckouterror","title":"OpenCheckoutError","type":"enum"},{"children":[{"title":"Enumeration Cases","type":"groupMarker"},{"path":"\/documentation\/wedobookssdk\/setuperror\/readererror(_:)","title":"case readerError(Error)","type":"case"},{"path":"\/documentation\/wedobookssdk\/setuperror\/setupalreadycalled","title":"case setupAlreadyCalled","type":"case"},{"title":"Default Implementations","type":"groupMarker"},{"children":[{"title":"Instance Properties","type":"groupMarker"},{"path":"\/documentation\/wedobookssdk\/setuperror\/localizeddescription","title":"var localizedDescription: String","type":"property"}],"path":"\/documentation\/wedobookssdk\/setuperror\/error-implementations","title":"Error Implementations","type":"symbol"}],"path":"\/documentation\/wedobookssdk\/setuperror","title":"SetupError","type":"enum"},{"children":[{"title":"Enumeration Cases","type":"groupMarker"},{"path":"\/documentation\/wedobookssdk\/signinerror\/accountexistswithdifferentcredential","title":"case accountExistsWithDifferentCredential","type":"case"},{"path":"\/documentation\/wedobookssdk\/signinerror\/badpassword","title":"case badPassword","type":"case"},{"path":"\/documentation\/wedobookssdk\/signinerror\/emailnotverified","title":"case emailNotVerified","type":"case"},{"path":"\/documentation\/wedobookssdk\/signinerror\/firebasenotconfigured","title":"case firebaseNotConfigured","type":"case"},{"path":"\/documentation\/wedobookssdk\/signinerror\/invalidemail","title":"case invalidEmail","type":"case"},{"path":"\/documentation\/wedobookssdk\/signinerror\/networkerror","title":"case networkError","type":"case"},{"path":"\/documentation\/wedobookssdk\/signinerror\/nocustomclaims","title":"case noCustomClaims","type":"case"},{"path":"\/documentation\/wedobookssdk\/signinerror\/noinstitutionassociations","title":"case noInstitutionAssociations","type":"case"},{"path":"\/documentation\/wedobookssdk\/signinerror\/other(_:)","title":"case other(Error)","type":"case"},{"path":"\/documentation\/wedobookssdk\/signinerror\/toomanyrequests","title":"case tooManyRequests","type":"case"},{"path":"\/documentation\/wedobookssdk\/signinerror\/usernotfound","title":"case userNotFound","type":"case"},{"title":"Default Implementations","type":"groupMarker"},{"children":[{"title":"Instance Properties","type":"groupMarker"},{"path":"\/documentation\/wedobookssdk\/signinerror\/localizeddescription","title":"var localizedDescription: String","type":"property"}],"path":"\/documentation\/wedobookssdk\/signinerror\/error-implementations","title":"Error Implementations","type":"symbol"}],"path":"\/documentation\/wedobookssdk\/signinerror","title":"SignInError","type":"enum"},{"children":[{"title":"Enumeration Cases","type":"groupMarker"},{"path":"\/documentation\/wedobookssdk\/storageoperationerror\/nousersignedin","title":"case noUserSignedIn","type":"case"},{"path":"\/documentation\/wedobookssdk\/storageoperationerror\/underlyingerror(_:)","title":"case underlyingError(Error)","type":"case"},{"title":"Default Implementations","type":"groupMarker"},{"children":[{"title":"Instance Properties","type":"groupMarker"},{"path":"\/documentation\/wedobookssdk\/storageoperationerror\/localizeddescription","title":"var localizedDescription: String","type":"property"}],"path":"\/documentation\/wedobookssdk\/storageoperationerror\/error-implementations","title":"Error Implementations","type":"symbol"}],"path":"\/documentation\/wedobookssdk\/storageoperationerror","title":"StorageOperationError","type":"enum"}],"path":"\/documentation\/wedobookssdk","title":"WeDoBooksSDK","type":"module"}]},"schemaVersion":{"major":0,"minor":1,"patch":2}}