{"includedArchiveIdentifiers":["io.wedobooks.WeDoBooksSDK"],"interfaceLanguages":{"occ":[{"children":[{"title":"Variables","type":"groupMarker"},{"path":"\/documentation\/wedobookssdk\/wedobookssdkversionnumber","title":"WeDoBooksSDKVersionNumber","type":"var"},{"path":"\/documentation\/wedobookssdk\/wedobookssdkversionstring","title":"WeDoBooksSDKVersionString","type":"var"}],"path":"\/documentation\/wedobookssdk","title":"WeDoBooksSDK","type":"module"}],"swift":[{"children":[{"title":"Classes","type":"groupMarker"},{"children":[{"title":"Classes","type":"groupMarker"},{"children":[{"title":"Instance Methods","type":"groupMarker"},{"path":"\/documentation\/wedobookssdk\/wedobooksfacade\/bookoperations-swift.class\/checkoutbook(with:)","title":"func checkoutBook(with: String) async -> Result<Checkout, CheckoutError>","type":"method"},{"path":"\/documentation\/wedobookssdk\/wedobooksfacade\/bookoperations-swift.class\/observecheckouts()","title":"func observeCheckouts() throws -> AnyPublisher<[Checkout], CheckoutError>","type":"method"},{"path":"\/documentation\/wedobookssdk\/wedobooksfacade\/bookoperations-swift.class\/opencheckout(_:presentedby:customcoverimage:)","title":"func openCheckout(Checkout, presentedBy: UIViewController, customCoverImage: UIImage?) throws","type":"method"},{"path":"\/documentation\/wedobookssdk\/wedobooksfacade\/bookoperations-swift.class\/stopaudioplayer()","title":"func stopAudioPlayer()","type":"method"}],"path":"\/documentation\/wedobookssdk\/wedobooksfacade\/bookoperations-swift.class","title":"WeDoBooksFacade.BookOperations","type":"class"},{"children":[{"title":"Instance Properties","type":"groupMarker"},{"path":"\/documentation\/wedobookssdk\/wedobooksfacade\/configuration-swift.class\/showaboutaudiobookbutton","title":"var showAboutAudioBookButton: Bool","type":"property"},{"path":"\/documentation\/wedobookssdk\/wedobooksfacade\/configuration-swift.class\/showfinishaudiobookbutton","title":"var showFinishAudiobookButton: Bool","type":"property"},{"path":"\/documentation\/wedobookssdk\/wedobooksfacade\/configuration-swift.class\/showfinishebookbutton","title":"var showFinishEbookButton: Bool","type":"property"}],"path":"\/documentation\/wedobookssdk\/wedobooksfacade\/configuration-swift.class","title":"WeDoBooksFacade.Configuration","type":"class"},{"children":[{"title":"Instance Properties","type":"groupMarker"},{"path":"\/documentation\/wedobookssdk\/wedobooksfacade\/events-swift.class\/bookinfotapped","title":"var bookInfoTapped: AnyPublisher<String, Never>","type":"property"},{"path":"\/documentation\/wedobookssdk\/wedobooksfacade\/events-swift.class\/bookwillclose","title":"var bookWillClose: AnyPublisher<Void, Never>","type":"property"},{"path":"\/documentation\/wedobookssdk\/wedobooksfacade\/events-swift.class\/finishbooktapped","title":"var finishBookTapped: AnyPublisher<String, Never>","type":"property"}],"path":"\/documentation\/wedobookssdk\/wedobooksfacade\/events-swift.class","title":"WeDoBooksFacade.Events","type":"class"},{"children":[{"title":"Instance Properties","type":"groupMarker"},{"path":"\/documentation\/wedobookssdk\/wedobooksfacade\/images-swift.class\/readerloadinglogohtml","title":"var readerLoadingLogoHTML: String?","type":"property"},{"path":"\/documentation\/wedobookssdk\/wedobooksfacade\/images-swift.class\/readerloadinglogoimagename","title":"var readerLoadingLogoImageName: String?","type":"property"}],"path":"\/documentation\/wedobookssdk\/wedobooksfacade\/images-swift.class","title":"WeDoBooksFacade.Images","type":"class"},{"children":[{"title":"Instance Methods","type":"groupMarker"},{"path":"\/documentation\/wedobookssdk\/wedobooksfacade\/localization-swift.class\/setcustomlocalizations(_:)","title":"func setCustomLocalizations([LocalizationKeys : [Language : String]])","type":"method"},{"path":"\/documentation\/wedobookssdk\/wedobooksfacade\/localization-swift.class\/setlanguage(_:)","title":"func setLanguage(Language)","type":"method"},{"title":"Enumerations","type":"groupMarker"},{"children":[{"title":"Enumeration Cases","type":"groupMarker"},{"path":"\/documentation\/wedobookssdk\/wedobooksfacade\/localization-swift.class\/language\/danish","title":"case danish","type":"case"},{"path":"\/documentation\/wedobookssdk\/wedobooksfacade\/localization-swift.class\/language\/english","title":"case english","type":"case"},{"path":"\/documentation\/wedobookssdk\/wedobooksfacade\/localization-swift.class\/language\/finnish","title":"case finnish","type":"case"},{"path":"\/documentation\/wedobookssdk\/wedobooksfacade\/localization-swift.class\/language\/german","title":"case german","type":"case"},{"path":"\/documentation\/wedobookssdk\/wedobooksfacade\/localization-swift.class\/language\/northernsami","title":"case northernSami","type":"case"},{"path":"\/documentation\/wedobookssdk\/wedobooksfacade\/localization-swift.class\/language\/norwegianbokm_l","title":"case norwegianBokmål","type":"case"},{"path":"\/documentation\/wedobookssdk\/wedobooksfacade\/localization-swift.class\/language\/norwegiannynorsk","title":"case norwegianNynorsk","type":"case"},{"path":"\/documentation\/wedobookssdk\/wedobooksfacade\/localization-swift.class\/language\/southernsami","title":"case southernSami","type":"case"},{"path":"\/documentation\/wedobookssdk\/wedobooksfacade\/localization-swift.class\/language\/swedish","title":"case swedish","type":"case"},{"title":"Initializers","type":"groupMarker"},{"path":"\/documentation\/wedobookssdk\/wedobooksfacade\/localization-swift.class\/language\/init(rawvalue:)","title":"init?(rawValue: String)","type":"init"},{"title":"Default Implementations","type":"groupMarker"},{"children":[{"title":"Operators","type":"groupMarker"},{"path":"\/documentation\/wedobookssdk\/wedobooksfacade\/localization-swift.class\/language\/!=(_:_:)","title":"static func != (Self, Self) -> Bool","type":"op"}],"path":"\/documentation\/wedobookssdk\/wedobooksfacade\/localization-swift.class\/language\/equatable-implementations","title":"Equatable Implementations","type":"symbol"},{"children":[{"title":"Instance Properties","type":"groupMarker"},{"path":"\/documentation\/wedobookssdk\/wedobooksfacade\/localization-swift.class\/language\/hashvalue","title":"var hashValue: Int","type":"property"},{"title":"Instance Methods","type":"groupMarker"},{"path":"\/documentation\/wedobookssdk\/wedobooksfacade\/localization-swift.class\/language\/hash(into:)","title":"func hash(into: inout Hasher)","type":"method"}],"path":"\/documentation\/wedobookssdk\/wedobooksfacade\/localization-swift.class\/language\/rawrepresentable-implementations","title":"RawRepresentable Implementations","type":"symbol"}],"path":"\/documentation\/wedobookssdk\/wedobooksfacade\/localization-swift.class\/language","title":"WeDoBooksFacade.Localization.Language","type":"enum"},{"children":[{"title":"Enumeration Cases","type":"groupMarker"},{"path":"\/documentation\/wedobookssdk\/wedobooksfacade\/localization-swift.class\/localizationkeys\/buttondelete","title":"case buttonDelete","type":"case"},{"path":"\/documentation\/wedobookssdk\/wedobooksfacade\/localization-swift.class\/localizationkeys\/buttondisable","title":"case buttonDisable","type":"case"},{"path":"\/documentation\/wedobookssdk\/wedobooksfacade\/localization-swift.class\/localizationkeys\/buttonfinishbook","title":"case buttonFinishBook","type":"case"},{"path":"\/documentation\/wedobookssdk\/wedobooksfacade\/localization-swift.class\/localizationkeys\/buttonno","title":"case buttonNo","type":"case"},{"path":"\/documentation\/wedobookssdk\/wedobooksfacade\/localization-swift.class\/localizationkeys\/buttonok","title":"case buttonOk","type":"case"},{"path":"\/documentation\/wedobookssdk\/wedobooksfacade\/localization-swift.class\/localizationkeys\/buttonsave","title":"case buttonSave","type":"case"},{"path":"\/documentation\/wedobookssdk\/wedobooksfacade\/localization-swift.class\/localizationkeys\/buttonyes","title":"case buttonYes","type":"case"},{"path":"\/documentation\/wedobookssdk\/wedobooksfacade\/localization-swift.class\/localizationkeys\/confirmalertdeletebookmarkmessage","title":"case confirmAlertDeleteBookmarkMessage","type":"case"},{"path":"\/documentation\/wedobookssdk\/wedobooksfacade\/localization-swift.class\/localizationkeys\/confirmalerttitle","title":"case confirmAlertTitle","type":"case"},{"path":"\/documentation\/wedobookssdk\/wedobooksfacade\/localization-swift.class\/localizationkeys\/erroralerttitle","title":"case errorAlertTitle","type":"case"},{"path":"\/documentation\/wedobookssdk\/wedobooksfacade\/localization-swift.class\/localizationkeys\/errortoastofflinedownloadmessage","title":"case errorToastOfflineDownloadMessage","type":"case"},{"path":"\/documentation\/wedobookssdk\/wedobooksfacade\/localization-swift.class\/localizationkeys\/errortoastofflinestreammessage","title":"case errorToastOfflineStreamMessage","type":"case"},{"path":"\/documentation\/wedobookssdk\/wedobooksfacade\/localization-swift.class\/localizationkeys\/errortoastofflinetitle","title":"case errorToastOfflineTitle","type":"case"},{"path":"\/documentation\/wedobookssdk\/wedobooksfacade\/localization-swift.class\/localizationkeys\/labeldownload","title":"case labelDownload","type":"case"},{"path":"\/documentation\/wedobookssdk\/wedobooksfacade\/localization-swift.class\/localizationkeys\/labeldownloadstarted","title":"case labelDownloadStarted","type":"case"},{"path":"\/documentation\/wedobookssdk\/wedobooksfacade\/localization-swift.class\/localizationkeys\/labeldownloading","title":"case labelDownloading","type":"case"},{"path":"\/documentation\/wedobookssdk\/wedobooksfacade\/localization-swift.class\/localizationkeys\/playerchooseaudiooutputbutton","title":"case playerChooseAudioOutputButton","type":"case"},{"path":"\/documentation\/wedobookssdk\/wedobooksfacade\/localization-swift.class\/localizationkeys\/playermoremenuaboutbooklabel","title":"case playerMoreMenuAboutBookLabel","type":"case"},{"path":"\/documentation\/wedobookssdk\/wedobooksfacade\/localization-swift.class\/localizationkeys\/playermoremenuclosebutton","title":"case playerMoreMenuCloseButton","type":"case"},{"path":"\/documentation\/wedobookssdk\/wedobooksfacade\/localization-swift.class\/localizationkeys\/playermoremenuinfoanddownload","title":"case playerMoreMenuInfoAndDownload","type":"case"},{"path":"\/documentation\/wedobookssdk\/wedobooksfacade\/localization-swift.class\/localizationkeys\/playermoremenunotavailableoffline","title":"case playerMoreMenuNotAvailableOffline","type":"case"},{"path":"\/documentation\/wedobookssdk\/wedobooksfacade\/localization-swift.class\/localizationkeys\/playerplaybackratereset","title":"case playerPlaybackRateReset","type":"case"},{"path":"\/documentation\/wedobookssdk\/wedobooksfacade\/localization-swift.class\/localizationkeys\/playerplaybackratespeed","title":"case playerPlaybackRateSpeed","type":"case"},{"path":"\/documentation\/wedobookssdk\/wedobooksfacade\/localization-swift.class\/localizationkeys\/playersleeptimerturnoffin","title":"case playerSleepTimerTurnOffIn","type":"case"},{"path":"\/documentation\/wedobookssdk\/wedobooksfacade\/localization-swift.class\/localizationkeys\/playersleeptimerunitminute","title":"case playerSleepTimerUnitMinute","type":"case"},{"path":"\/documentation\/wedobookssdk\/wedobooksfacade\/localization-swift.class\/localizationkeys\/playersleeptimerunitminutes","title":"case playerSleepTimerUnitMinutes","type":"case"},{"path":"\/documentation\/wedobookssdk\/wedobooksfacade\/localization-swift.class\/localizationkeys\/readerbookmarkeditorcharactersleft","title":"case readerBookmarkEditorCharactersLeft","type":"case"},{"path":"\/documentation\/wedobookssdk\/wedobooksfacade\/localization-swift.class\/localizationkeys\/readerbookmarkeditorchoosecolor","title":"case readerBookmarkEditorChooseColor","type":"case"},{"path":"\/documentation\/wedobookssdk\/wedobooksfacade\/localization-swift.class\/localizationkeys\/readerbookmarkeditorwriteanotelabel","title":"case readerBookmarkEditorWriteANoteLabel","type":"case"},{"path":"\/documentation\/wedobookssdk\/wedobooksfacade\/localization-swift.class\/localizationkeys\/readerbookmarksnobookmarkssubtitle","title":"case readerBookmarksNoBookmarksSubtitle","type":"case"},{"path":"\/documentation\/wedobookssdk\/wedobooksfacade\/localization-swift.class\/localizationkeys\/readerbookmarksnobookmarkstitle","title":"case readerBookmarksNoBookmarksTitle","type":"case"},{"path":"\/documentation\/wedobookssdk\/wedobooksfacade\/localization-swift.class\/localizationkeys\/readerchaptersnochapterssubtitle","title":"case readerChaptersNoChaptersSubtitle","type":"case"},{"path":"\/documentation\/wedobookssdk\/wedobooksfacade\/localization-swift.class\/localizationkeys\/readerchaptersnochapterstitle","title":"case readerChaptersNoChaptersTitle","type":"case"},{"path":"\/documentation\/wedobookssdk\/wedobooksfacade\/localization-swift.class\/localizationkeys\/readercontextmenubookmark","title":"case readerContextMenuBookmark","type":"case"},{"path":"\/documentation\/wedobookssdk\/wedobooksfacade\/localization-swift.class\/localizationkeys\/readercontextmenulookup","title":"case readerContextMenuLookup","type":"case"},{"path":"\/documentation\/wedobookssdk\/wedobooksfacade\/localization-swift.class\/localizationkeys\/readercontextmenuread","title":"case readerContextMenuRead","type":"case"},{"path":"\/documentation\/wedobookssdk\/wedobooksfacade\/localization-swift.class\/localizationkeys\/readerheadernextchapterminuteabbreviation","title":"case readerHeaderNextChapterMinuteAbbreviation","type":"case"},{"path":"\/documentation\/wedobookssdk\/wedobooksfacade\/localization-swift.class\/localizationkeys\/readerheadernextchapternamefallback","title":"case readerHeaderNextChapterNameFallback","type":"case"},{"path":"\/documentation\/wedobookssdk\/wedobooksfacade\/localization-swift.class\/localizationkeys\/readerheaderreadminutestodayplus","title":"case readerHeaderReadMinutesTodayPlus","type":"case"},{"path":"\/documentation\/wedobookssdk\/wedobooksfacade\/localization-swift.class\/localizationkeys\/readersearchbookmarksbutton","title":"case readerSearchBookmarksButton","type":"case"},{"path":"\/documentation\/wedobookssdk\/wedobooksfacade\/localization-swift.class\/localizationkeys\/readersearchfixedlayoutsubtitle","title":"case readerSearchFixedLayoutSubtitle","type":"case"},{"path":"\/documentation\/wedobookssdk\/wedobooksfacade\/localization-swift.class\/localizationkeys\/readersearchguidesubtitle","title":"case readerSearchGuideSubtitle","type":"case"},{"path":"\/documentation\/wedobookssdk\/wedobooksfacade\/localization-swift.class\/localizationkeys\/readersearchguidetitle","title":"case readerSearchGuideTitle","type":"case"},{"path":"\/documentation\/wedobookssdk\/wedobooksfacade\/localization-swift.class\/localizationkeys\/readersearchinthebookbutton","title":"case readerSearchInTheBookButton","type":"case"},{"path":"\/documentation\/wedobookssdk\/wedobooksfacade\/localization-swift.class\/localizationkeys\/readersearchnoresultsmessage","title":"case readerSearchNoResultsMessage","type":"case"},{"path":"\/documentation\/wedobookssdk\/wedobooksfacade\/localization-swift.class\/localizationkeys\/readersearchresult","title":"case readerSearchResult","type":"case"},{"path":"\/documentation\/wedobookssdk\/wedobooksfacade\/localization-swift.class\/localizationkeys\/readersearchresults","title":"case readerSearchResults","type":"case"},{"path":"\/documentation\/wedobookssdk\/wedobooksfacade\/localization-swift.class\/localizationkeys\/readersearchsearchlabel","title":"case readerSearchSearchLabel","type":"case"},{"path":"\/documentation\/wedobookssdk\/wedobooksfacade\/localization-swift.class\/localizationkeys\/readersettingdisplaymulticolumn","title":"case readerSettingDisplayMultiColumn","type":"case"},{"path":"\/documentation\/wedobookssdk\/wedobooksfacade\/localization-swift.class\/localizationkeys\/readersettingenablereadingaid","title":"case readerSettingEnableReadingAid","type":"case"},{"path":"\/documentation\/wedobookssdk\/wedobooksfacade\/localization-swift.class\/localizationkeys\/readersettingfixedlayoutsubtitle","title":"case readerSettingFixedLayoutSubtitle","type":"case"},{"path":"\/documentation\/wedobookssdk\/wedobooksfacade\/localization-swift.class\/localizationkeys\/readersettingfixedlayouttitle","title":"case readerSettingFixedLayoutTitle","type":"case"},{"path":"\/documentation\/wedobookssdk\/wedobooksfacade\/localization-swift.class\/localizationkeys\/readersettingfontsdefaultfont","title":"case readerSettingFontsDefaultFont","type":"case"},{"path":"\/documentation\/wedobookssdk\/wedobooksfacade\/localization-swift.class\/localizationkeys\/readersettingreadingaidbigfield","title":"case readerSettingReadingAidBigField","type":"case"},{"path":"\/documentation\/wedobookssdk\/wedobooksfacade\/localization-swift.class\/localizationkeys\/readersettingswipetoscroll","title":"case readerSettingSwipeToScroll","type":"case"},{"path":"\/documentation\/wedobookssdk\/wedobooksfacade\/localization-swift.class\/localizationkeys\/readersettingttsspeed","title":"case readerSettingTTSSpeed","type":"case"},{"path":"\/documentation\/wedobookssdk\/wedobooksfacade\/localization-swift.class\/localizationkeys\/readersettingttsvoice","title":"case readerSettingTTSVoice","type":"case"},{"path":"\/documentation\/wedobookssdk\/wedobooksfacade\/localization-swift.class\/localizationkeys\/readersettingtrainreadingspeedtitle","title":"case readerSettingTrainReadingSpeedTitle","type":"case"},{"path":"\/documentation\/wedobookssdk\/wedobooksfacade\/localization-swift.class\/localizationkeys\/readersettingtrainreadingspeedwordsperminute","title":"case readerSettingTrainReadingSpeedWordsPerMinute","type":"case"},{"path":"\/documentation\/wedobookssdk\/wedobooksfacade\/localization-swift.class\/localizationkeys\/readertocchaptersbutton","title":"case readerToCChaptersButton","type":"case"},{"path":"\/documentation\/wedobookssdk\/wedobooksfacade\/localization-swift.class\/localizationkeys\/readertocoverview","title":"case readerToCOverview","type":"case"},{"title":"Default Implementations","type":"groupMarker"},{"children":[{"title":"Operators","type":"groupMarker"},{"path":"\/documentation\/wedobookssdk\/wedobooksfacade\/localization-swift.class\/localizationkeys\/!=(_:_:)","title":"static func != (Self, Self) -> Bool","type":"op"}],"path":"\/documentation\/wedobookssdk\/wedobooksfacade\/localization-swift.class\/localizationkeys\/equatable-implementations","title":"Equatable Implementations","type":"symbol"}],"path":"\/documentation\/wedobookssdk\/wedobooksfacade\/localization-swift.class\/localizationkeys","title":"WeDoBooksFacade.Localization.LocalizationKeys","type":"enum"}],"path":"\/documentation\/wedobookssdk\/wedobooksfacade\/localization-swift.class","title":"WeDoBooksFacade.Localization","type":"class"},{"children":[{"title":"Instance Methods","type":"groupMarker"},{"path":"\/documentation\/wedobookssdk\/wedobooksfacade\/storageoperations-swift.class\/isebookdownloaded(isbn:)","title":"func isEBookDownloaded(isbn: String) throws -> Bool","type":"method"},{"path":"\/documentation\/wedobookssdk\/wedobooksfacade\/storageoperations-swift.class\/removeall()","title":"func removeAll()","type":"method"},{"path":"\/documentation\/wedobookssdk\/wedobooksfacade\/storageoperations-swift.class\/removebook(isbn:)","title":"func removeBook(isbn: String) throws","type":"method"}],"path":"\/documentation\/wedobookssdk\/wedobooksfacade\/storageoperations-swift.class","title":"WeDoBooksFacade.StorageOperations","type":"class"},{"children":[{"title":"Instance Properties","type":"groupMarker"},{"path":"\/documentation\/wedobookssdk\/wedobooksfacade\/styling-swift.class\/darktheme","title":"var darkTheme: Theme?","type":"property"},{"path":"\/documentation\/wedobookssdk\/wedobooksfacade\/styling-swift.class\/lighttheme","title":"var lightTheme: Theme?","type":"property"}],"path":"\/documentation\/wedobookssdk\/wedobooksfacade\/styling-swift.class","title":"WeDoBooksFacade.Styling","type":"class"},{"children":[{"title":"Instance Properties","type":"groupMarker"},{"path":"\/documentation\/wedobookssdk\/wedobooksfacade\/useroperations-swift.class\/currentuserid","title":"var currentUserId: String?","type":"property"},{"title":"Instance Methods","type":"groupMarker"},{"path":"\/documentation\/wedobookssdk\/wedobooksfacade\/useroperations-swift.class\/signin(with:)","title":"func signIn(with: String) async -> Result<Void, SignInError>","type":"method"},{"path":"\/documentation\/wedobookssdk\/wedobooksfacade\/useroperations-swift.class\/signout()","title":"func signOut()","type":"method"}],"path":"\/documentation\/wedobookssdk\/wedobooksfacade\/useroperations-swift.class","title":"WeDoBooksFacade.UserOperations","type":"class"},{"title":"Instance Properties","type":"groupMarker"},{"path":"\/documentation\/wedobookssdk\/wedobooksfacade\/bookoperations-swift.property","title":"let bookOperations: BookOperations","type":"property"},{"path":"\/documentation\/wedobookssdk\/wedobooksfacade\/configuration-swift.property","title":"let configuration: WeDoBooksFacade.Configuration","type":"property"},{"path":"\/documentation\/wedobookssdk\/wedobooksfacade\/events-swift.property","title":"let events: Events","type":"property"},{"path":"\/documentation\/wedobookssdk\/wedobooksfacade\/images-swift.property","title":"let images: WeDoBooksFacade.Images","type":"property"},{"path":"\/documentation\/wedobookssdk\/wedobooksfacade\/localization-swift.property","title":"let localization: WeDoBooksFacade.Localization","type":"property"},{"path":"\/documentation\/wedobookssdk\/wedobooksfacade\/storageoperations-swift.property","title":"let storageOperations: WeDoBooksFacade.StorageOperations","type":"property"},{"path":"\/documentation\/wedobookssdk\/wedobooksfacade\/styling-swift.property","title":"let styling: WeDoBooksFacade.Styling","type":"property"},{"path":"\/documentation\/wedobookssdk\/wedobooksfacade\/useroperations-swift.property","title":"let userOperations: WeDoBooksFacade.UserOperations","type":"property"},{"title":"Instance Methods","type":"groupMarker"},{"path":"\/documentation\/wedobookssdk\/wedobooksfacade\/setup(readerkey:readersecret:firebaseconfigfilepath:)","title":"func setup(readerKey: String, readerSecret: String, firebaseConfigFilePath: String?) throws","type":"method"},{"title":"Type Properties","type":"groupMarker"},{"path":"\/documentation\/wedobookssdk\/wedobooksfacade\/shared","title":"static let shared: WeDoBooksFacade","type":"property"}],"path":"\/documentation\/wedobookssdk\/wedobooksfacade","title":"WeDoBooksFacade","type":"class"},{"title":"Structures","type":"groupMarker"},{"children":[{"title":"Instance Properties","type":"groupMarker"},{"path":"\/documentation\/wedobookssdk\/checkout\/booktype","title":"var bookType: BookKind","type":"property"},{"path":"\/documentation\/wedobookssdk\/checkout\/created","title":"var created: Date","type":"property"},{"path":"\/documentation\/wedobookssdk\/checkout\/durationseconds","title":"var durationSeconds: Double?","type":"property"},{"path":"\/documentation\/wedobookssdk\/checkout\/isbn","title":"var isbn: String","type":"property"},{"path":"\/documentation\/wedobookssdk\/checkout\/userid","title":"var userId: String","type":"property"},{"path":"\/documentation\/wedobookssdk\/checkout\/wordcount","title":"var wordCount: Int?","type":"property"}],"path":"\/documentation\/wedobookssdk\/checkout","title":"Checkout","type":"struct"},{"children":[{"title":"Initializers","type":"groupMarker"},{"path":"\/documentation\/wedobookssdk\/theme\/init(primarycolor:onprimarycolor:secondarycolor:onsecondarycolor:backgroundcolor:backgroundbrightcolor:outlinecolor:textcolor:textvarcolor:cornersizeregular:cornersizelarge:appearancetitlelarge:appearancetitlemedium:appearancetitlesmall:app-4sxst","title":"init(primaryColor: UIColor, onPrimaryColor: UIColor, secondaryColor: UIColor, onSecondaryColor: UIColor, backgroundColor: UIColor, backgroundBrightColor: UIColor, outlineColor: UIColor, textColor: UIColor, textVarColor: UIColor, cornerSizeRegular: CGFloat, cornerSizeLarge: CGFloat, appearanceTitleLarge: Int, appearanceTitleMedium: Int, appearanceTitleSmall: Int, appearanceLabelLarge: Int, appearanceLabelMedium: Int, appearanceLabelSmall: Int, appearanceBodyLarge: Int, appearanceBodyMedium: Int, appearanceBodySmall: Int, fontFamilyRegular: String?, fontFamilyBold: String?)","type":"init"},{"title":"Instance Properties","type":"groupMarker"},{"path":"\/documentation\/wedobookssdk\/theme\/appearancebodylarge","title":"let appearanceBodyLarge: Int","type":"property"},{"path":"\/documentation\/wedobookssdk\/theme\/appearancebodymedium","title":"let appearanceBodyMedium: Int","type":"property"},{"path":"\/documentation\/wedobookssdk\/theme\/appearancebodysmall","title":"let appearanceBodySmall: Int","type":"property"},{"path":"\/documentation\/wedobookssdk\/theme\/appearancelabellarge","title":"let appearanceLabelLarge: Int","type":"property"},{"path":"\/documentation\/wedobookssdk\/theme\/appearancelabelmedium","title":"let appearanceLabelMedium: Int","type":"property"},{"path":"\/documentation\/wedobookssdk\/theme\/appearancelabelsmall","title":"let appearanceLabelSmall: Int","type":"property"},{"path":"\/documentation\/wedobookssdk\/theme\/appearancetitlelarge","title":"let appearanceTitleLarge: Int","type":"property"},{"path":"\/documentation\/wedobookssdk\/theme\/appearancetitlemedium","title":"let appearanceTitleMedium: Int","type":"property"},{"path":"\/documentation\/wedobookssdk\/theme\/appearancetitlesmall","title":"let appearanceTitleSmall: Int","type":"property"},{"path":"\/documentation\/wedobookssdk\/theme\/backgroundbrightcolor","title":"let backgroundBrightColor: UIColor","type":"property"},{"path":"\/documentation\/wedobookssdk\/theme\/backgroundcolor","title":"let backgroundColor: UIColor","type":"property"},{"path":"\/documentation\/wedobookssdk\/theme\/cornersizelarge","title":"let cornerSizeLarge: CGFloat","type":"property"},{"path":"\/documentation\/wedobookssdk\/theme\/cornersizeregular","title":"let cornerSizeRegular: CGFloat","type":"property"},{"path":"\/documentation\/wedobookssdk\/theme\/fontfamilybold","title":"let fontFamilyBold: String?","type":"property"},{"path":"\/documentation\/wedobookssdk\/theme\/fontfamilyregular","title":"let fontFamilyRegular: String?","type":"property"},{"path":"\/documentation\/wedobookssdk\/theme\/onprimarycolor","title":"let onPrimaryColor: UIColor","type":"property"},{"path":"\/documentation\/wedobookssdk\/theme\/onsecondarycolor","title":"let onSecondaryColor: UIColor","type":"property"},{"path":"\/documentation\/wedobookssdk\/theme\/outlinecolor","title":"let outlineColor: UIColor","type":"property"},{"path":"\/documentation\/wedobookssdk\/theme\/primarycolor","title":"let primaryColor: UIColor","type":"property"},{"path":"\/documentation\/wedobookssdk\/theme\/secondarycolor","title":"let secondaryColor: UIColor","type":"property"},{"path":"\/documentation\/wedobookssdk\/theme\/textcolor","title":"let textColor: UIColor","type":"property"},{"path":"\/documentation\/wedobookssdk\/theme\/textvarcolor","title":"let textVarColor: UIColor","type":"property"},{"title":"Default Implementations","type":"groupMarker"},{"children":[{"title":"Operators","type":"groupMarker"},{"path":"\/documentation\/wedobookssdk\/theme\/!=(_:_:)","title":"static func != (Self, Self) -> Bool","type":"op"}],"path":"\/documentation\/wedobookssdk\/theme\/equatable-implementations","title":"Equatable Implementations","type":"symbol"}],"path":"\/documentation\/wedobookssdk\/theme","title":"Theme","type":"struct"},{"title":"Enumerations","type":"groupMarker"},{"children":[{"title":"Enumeration Cases","type":"groupMarker"},{"path":"\/documentation\/wedobookssdk\/bookkind\/audiobook","title":"case audiobook","type":"case"},{"path":"\/documentation\/wedobookssdk\/bookkind\/ebook","title":"case ebook","type":"case"},{"title":"Default Implementations","type":"groupMarker"},{"children":[{"title":"Operators","type":"groupMarker"},{"path":"\/documentation\/wedobookssdk\/bookkind\/!=(_:_:)","title":"static func != (Self, Self) -> Bool","type":"op"}],"path":"\/documentation\/wedobookssdk\/bookkind\/equatable-implementations","title":"Equatable Implementations","type":"symbol"}],"path":"\/documentation\/wedobookssdk\/bookkind","title":"BookKind","type":"enum"},{"children":[{"title":"Enumeration Cases","type":"groupMarker"},{"path":"\/documentation\/wedobookssdk\/checkouterror\/checkoutmissingid","title":"case checkoutMissingId","type":"case"},{"path":"\/documentation\/wedobookssdk\/checkouterror\/nousersignedin","title":"case noUserSignedIn","type":"case"},{"path":"\/documentation\/wedobookssdk\/checkouterror\/underlyingerror(_:)","title":"case underlyingError(Error)","type":"case"},{"title":"Default Implementations","type":"groupMarker"},{"children":[{"title":"Instance Properties","type":"groupMarker"},{"path":"\/documentation\/wedobookssdk\/checkouterror\/localizeddescription","title":"var localizedDescription: String","type":"property"}],"path":"\/documentation\/wedobookssdk\/checkouterror\/error-implementations","title":"Error Implementations","type":"symbol"}],"path":"\/documentation\/wedobookssdk\/checkouterror","title":"CheckoutError","type":"enum"},{"children":[{"title":"Enumeration Cases","type":"groupMarker"},{"path":"\/documentation\/wedobookssdk\/opencheckouterror\/abookisalreadyopen","title":"case aBookIsAlreadyOpen","type":"case"},{"path":"\/documentation\/wedobookssdk\/opencheckouterror\/decryptioninformationinvalidormissing","title":"case decryptionInformationInvalidOrMissing","type":"case"},{"path":"\/documentation\/wedobookssdk\/opencheckouterror\/nousersignedin","title":"case noUserSignedIn","type":"case"},{"title":"Default Implementations","type":"groupMarker"},{"children":[{"title":"Operators","type":"groupMarker"},{"path":"\/documentation\/wedobookssdk\/opencheckouterror\/!=(_:_:)","title":"static func != (Self, Self) -> Bool","type":"op"}],"path":"\/documentation\/wedobookssdk\/opencheckouterror\/equatable-implementations","title":"Equatable Implementations","type":"symbol"},{"children":[{"title":"Instance Properties","type":"groupMarker"},{"path":"\/documentation\/wedobookssdk\/opencheckouterror\/localizeddescription","title":"var localizedDescription: String","type":"property"}],"path":"\/documentation\/wedobookssdk\/opencheckouterror\/error-implementations","title":"Error Implementations","type":"symbol"}],"path":"\/documentation\/wedobookssdk\/opencheckouterror","title":"OpenCheckoutError","type":"enum"},{"children":[{"title":"Enumeration Cases","type":"groupMarker"},{"path":"\/documentation\/wedobookssdk\/setuperror\/readererror(_:)","title":"case readerError(Error)","type":"case"},{"path":"\/documentation\/wedobookssdk\/setuperror\/setupalreadycalled","title":"case setupAlreadyCalled","type":"case"},{"title":"Default Implementations","type":"groupMarker"},{"children":[{"title":"Instance Properties","type":"groupMarker"},{"path":"\/documentation\/wedobookssdk\/setuperror\/localizeddescription","title":"var localizedDescription: String","type":"property"}],"path":"\/documentation\/wedobookssdk\/setuperror\/error-implementations","title":"Error Implementations","type":"symbol"}],"path":"\/documentation\/wedobookssdk\/setuperror","title":"SetupError","type":"enum"},{"children":[{"title":"Enumeration Cases","type":"groupMarker"},{"path":"\/documentation\/wedobookssdk\/signinerror\/accountexistswithdifferentcredential","title":"case accountExistsWithDifferentCredential","type":"case"},{"path":"\/documentation\/wedobookssdk\/signinerror\/badpassword","title":"case badPassword","type":"case"},{"path":"\/documentation\/wedobookssdk\/signinerror\/emailnotverified","title":"case emailNotVerified","type":"case"},{"path":"\/documentation\/wedobookssdk\/signinerror\/firebasenotconfigured","title":"case firebaseNotConfigured","type":"case"},{"path":"\/documentation\/wedobookssdk\/signinerror\/invalidemail","title":"case invalidEmail","type":"case"},{"path":"\/documentation\/wedobookssdk\/signinerror\/networkerror","title":"case networkError","type":"case"},{"path":"\/documentation\/wedobookssdk\/signinerror\/nocustomclaims","title":"case noCustomClaims","type":"case"},{"path":"\/documentation\/wedobookssdk\/signinerror\/noinstitutionassociations","title":"case noInstitutionAssociations","type":"case"},{"path":"\/documentation\/wedobookssdk\/signinerror\/other(_:)","title":"case other(Error)","type":"case"},{"path":"\/documentation\/wedobookssdk\/signinerror\/toomanyrequests","title":"case tooManyRequests","type":"case"},{"path":"\/documentation\/wedobookssdk\/signinerror\/usernotfound","title":"case userNotFound","type":"case"},{"title":"Default Implementations","type":"groupMarker"},{"children":[{"title":"Instance Properties","type":"groupMarker"},{"path":"\/documentation\/wedobookssdk\/signinerror\/localizeddescription","title":"var localizedDescription: String","type":"property"}],"path":"\/documentation\/wedobookssdk\/signinerror\/error-implementations","title":"Error Implementations","type":"symbol"}],"path":"\/documentation\/wedobookssdk\/signinerror","title":"SignInError","type":"enum"},{"children":[{"title":"Enumeration Cases","type":"groupMarker"},{"path":"\/documentation\/wedobookssdk\/storageoperationerror\/nousersignedin","title":"case noUserSignedIn","type":"case"},{"path":"\/documentation\/wedobookssdk\/storageoperationerror\/underlyingerror(_:)","title":"case underlyingError(Error)","type":"case"},{"title":"Default Implementations","type":"groupMarker"},{"children":[{"title":"Instance Properties","type":"groupMarker"},{"path":"\/documentation\/wedobookssdk\/storageoperationerror\/localizeddescription","title":"var localizedDescription: String","type":"property"}],"path":"\/documentation\/wedobookssdk\/storageoperationerror\/error-implementations","title":"Error Implementations","type":"symbol"}],"path":"\/documentation\/wedobookssdk\/storageoperationerror","title":"StorageOperationError","type":"enum"}],"path":"\/documentation\/wedobookssdk","title":"WeDoBooksSDK","type":"module"}]},"schemaVersion":{"major":0,"minor":1,"patch":2}}